ticker,name,open,close,volume,dollar_volume,pct_change
6920,Lasertec Corporation,19360.0,21195.0,30102000.0,638011890000.0,0.10476935105551212
8035,Tokyo Electron Ltd.,25790.0,26600.0,9058500.0,240956100000.0,0.038656774697383836
6146,Disco Corporation,48050.0,47670.0,4066100.0,193830987000.0,0.001260239445494644
6857,Advantest Corporation,15165.0,15500.0,12388300.0,192018650000.0,0.03195739014647137
9984,SoftBank Group Corp.,18075.0,17930.0,9753100.0,174873083000.0,-0.024217687074829932
8306,"Mitsubishi UFJ Financial Group, Inc.",2366.5,2369.0,43209500.0,102363305500.0,0.01174460815716421
5803,Fujikura Ltd.,14200.0,14250.0,6479800.0,92337150000.0,0.01967799642218247
7974,"Nintendo Co., Ltd.",13235.0,12695.0,5838200.0,74115949000.0,-0.008203125
6501,Hitachi Ltd.,3841.0,3847.0,18896900.0,72696374300.0,-0.0041418586590732595
7011,Mitsubishi Heavy Industries Ltd.,3734.0,3682.0,18661600.0,68712011200.0,-0.004326663061114116
6526,Socionext Inc.,2795.0,2957.5,21744800.0,64310246000.0,0.07408752496822227
9501,"Tokyo Electric Power Company Holdings, Inc.",692.4000244140625,659.9000244140625,92079400.0,60763198308.03223,-0.037485344350998456
9983,Fast Retailing Co. Ltd.,46420.0,46600.0,1244900.0,58012340000.0,0.019247594050743656
6758,Sony Group Corp.,4373.0,4390.0,12485200.0,54810028000.0,0.01596852580421199
7203,Toyota Motor Corporation,2923.0,2964.0,18457400.0,54707733600.0,0.014026684912760863
8136,"Sanrio Co., Ltd.",6845.0,6665.0,7684200.0,51215193000.0,-0.019564577817005
5801,"Furukawa Electric Co., Ltd.",9037.0,8964.0,5446000.0,48817944000.0,0.0007815116668527409
6525,Kokusai Electric Corporation,4250.0,4480.0,10443300.0,46785984000.0,0.06590530573399953
8316,"Sumitomo Mitsui Financial Group, Inc.",4165.0,4187.0,11091000.0,46438017000.0,0.009645526886906198
7012,"Kawasaki Heavy Industries, Ltd.",9594.0,9513.0,4548300.0,43267977900.0,0.005921539600296077
7013,IHI Corporation,16370.0,16145.0,2623200.0,42351564000.0,0.0003097893432465923
3350,Metaplanet Inc.,648.0,589.0,71681500.0,42220403500.0,-0.03125
8411,"Mizuho Financial Group, Inc.",4868.0,4932.0,8509700.0,41969840400.0,0.018166804293971925
4062,"Ibiden Co., Ltd.",8845.0,9026.0,4250200.0,38362305200.0,0.056043056043056046
6098,"Recruit Holdings Co., Ltd.",7815.0,7971.0,4503000.0,35893413000.0,0.005170239596469105
3436,Sumco Corporation,1468.0,1580.5,22101100.0,34930788550.0,0.07736877982276755
9104,"Mitsui O.S.K. Lines, Ltd.",4728.0,4670.0,7370200.0,34418834000.0,-0.02219430485762144
6315,Towa Corporation,2305.0,2385.0,14338600.0,34197561000.0,0.06473214285714286
4063,Shin-Etsu Chemical Co. Ltd.,4618.0,4714.0,7109000.0,33511826000.0,0.01770293609671848
6981,"Murata Manufacturing Co., Ltd.",2642.0,2806.0,11821400.0,33170848400.0,0.07674597083653108
6861,Keyence Corporation,55180.0,56000.0,576300.0,32272800000.0,0.0048447873676655305
8058,Mitsubishi Corporation,3579.0,3600.0,8845600.0,31844160000.0,0.008120974516942034
6273,SMC Corporation,43800.0,44500.0,704400.0,31345800000.0,0.002026570592208962
7741,Hoya Corporation,20385.0,20970.0,1397500.0,29305575000.0,0.022926829268292682
5016,JX Advanced Metals Corp,1660.0,1628.0,17837200.0,29038961600.0,-0.00640830027464144
9101,Nippon Yusen Kabushiki Kaisha,5345.0,5360.0,5351800.0,28685648000.0,-0.015610651974288337
7453,"Ryohin Keikaku Co., Ltd.",3082.0,2978.0,9196200.0,27386283600.0,-0.024246395806028834
6594,Nidec Corporation,2678.0,2731.0,10006300.0,27327205300.0,0.019029850746268655
7735,"Screen Holdings Co., Ltd.",13770.0,13905.0,1866500.0,25953682500.0,0.009437386569872959
9107,Kawasaki Kisen Kaisha Ltd.,2250.0,2236.5,11519300.0,25762914450.0,-0.019938650306748466
3905,Datasection Inc.,2090.0,2397.0,10675900.0,25590132300.0,0.13601895734597155
8031,"Mitsui & Co., Ltd.",3724.0,3774.0,6392700.0,24126049800.0,0.01342642320085929
9433,KDDI Corporation,2460.0,2435.0,9725900.0,23682566500.0,-0.013970439360194372
6723,Renesas Electronics Corporation,1789.0,1846.0,12715400.0,23472628400.0,0.04559614839988672
9432,Nippon Telegraph and Telephone Corporation,158.1999969482422,158.1999969482422,140157800.0,22172963532.27234,0.0012658034698872626
4004,Resonac Holdings Corporation,5161.0,5385.0,3930500.0,21165742500.0,0.053816046966731895
4568,"Daiichi Sankyo Co., Ltd.",3531.0,3442.0,6131700.0,21105311400.0,-0.028506915043748235
8001,Itochu Corporation,8715.0,8735.0,2375200.0,20747372000.0,0.004022988505747126
8766,"Tokio Marine Holdings, Inc.",6345.0,6274.0,3058300.0,19187774200.0,-0.008220044261776794
3563,Food & Life Companies Ltd.,7997.0,8176.0,2336500.0,19103224000.0,0.03546099290780142
7003,"Mitsui E&S Co., Ltd.",4360.0,4325.0,4241800.0,18345785000.0,0.01645123384253819
6762,TDK Corporation,2125.0,2176.0,8345800.0,18160460800.0,0.04164672091910005
4452,Kao Corporation,6630.0,6546.0,2743800.0,17960914800.0,-0.017707082833133252
4661,"Oriental Land Co., Ltd.",3599.0,3632.0,4842700.0,17588686400.0,0.021947101857062466
3692,Ffri Security Inc.,8720.0,8570.0,1970200.0,16884614000.0,0.07393483709273183
4755,"Rakuten Group, Inc.",996.0,964.4000244140625,17075600.0,16467709056.884766,-0.026350303468891972
6954,Fanuc Corporation,4211.0,4352.0,3704000.0,16119808000.0,0.04364508393285372
5838,Rakuten Bank Ltd.,7610.0,7998.0,1993500.0,15944013000.0,0.05098554533508541
4519,"Chugai Pharmaceutical Co., Ltd.",6781.0,6684.0,2369800.0,15839743200.0,-0.02080281277468503
6752,Panasonic Holdings Corporation,1555.0,1619.5,9732800.0,15762269600.0,0.03980738362760835
7267,"Honda Motor Co., Ltd.",1635.0,1661.5,9481700.0,15753844550.0,0.01870018393623544
4502,"Takeda Pharmaceutical Co., Ltd.",4460.0,4457.0,3498000.0,15590586000.0,-0.004689593568557392
4592,"SanBio Co., Ltd.",2780.0,2876.0,5301000.0,15245676000.0,0.07313432835820896
8308,Resona Holdings Inc.,1496.0,1542.5,9768200.0,15067448500.0,0.03419376466644318
6506,Yaskawa Electric Corporation,3072.0,3208.0,4685800.0,15032046400.0,0.04699738903394256
9434,SoftBank Corp.,227.89999389648438,225.89999389648438,65303900.0,14752150611.416626,-0.013106160244620593
6701,NEC Corporation,4681.0,4675.0,3005700.0,14051647500.0,-0.0021344717182497333
6976,"Taiyo Yuden Co., Ltd.",3200.0,3448.0,3941100.0,13588912800.0,0.09634340222575517
6645,Omron Corporation,4044.0,4206.0,3114500.0,13099587000.0,0.06400202377940804
6367,Daikin Industries Ltd.,17350.0,17240.0,750700.0,12942068000.0,-0.00805523590333717
8473,SBI Holdings Inc.,6530.0,6526.0,1938200.0,12648693200.0,-0.007905138339920948
3382,"Seven & I Holdings Co., Ltd.",1979.0,1994.0,6311100.0,12584333400.0,0.004028197381671702
9719,Scsk Corporation,4600.0,4555.0,2744400.0,12500742000.0,-0.06333538967715402
5706,"Mitsui Mining & Smelting Co., Ltd.",10900.0,10630.0,1159500.0,12325485000.0,-0.016651248843663275
7182,"Japan Post Bank Co., Ltd.",1798.5,1785.5,6874800.0,12274955400.0,-0.004182933630786392
5401,Nippon Steel Corporation,3183.0,3182.0,3822500.0,12163195000.0,-0.013027295285359801
6702,Fujitsu Limited,3689.0,3684.0,3232000.0,11906688000.0,0.005184174624829468
5631,Japan Steel Works Ltd.,9003.0,8518.0,1395500.0,11886869000.0,-0.04141345937429665
8233,"Takashimaya Co., Ltd.",1535.0,1644.5,7209000.0,11855200500.0,0.08190789473684211
6503,Mitsubishi Electric Corporation,3792.0,3793.0,3070900.0,11647923700.0,0.00026371308016877635
2914,Japan Tobacco Inc.,4782.0,4764.0,2370700.0,11294014800.0,-0.0012578616352201257
7751,Canon Inc.,4359.0,4441.0,2482100.0,11023006100.0,0.01764436296975252
6871,Micronics Japan Co. Ltd.,5950.0,6320.0,1743600.0,11019552000.0,0.06937394247038917
8725,"MS&AD Insurance Group Holdings, Inc.",3429.0,3408.0,3103500.0,10576728000.0,-0.0005865102639296188
7201,"Nissan Motor Co., Ltd.",363.20001220703125,369.6000061035156,28469000.0,10522142573.760986,0.007633637960007994
6902,Denso Corporation,2161.0,2199.5,4690600.0,10316974700.0,0.019230769230769232
8053,Sumitomo Corporation,4367.0,4390.0,2317400.0,10173386000.0,0.005957836846929423
9766,Konami Group Corporation,21675.0,21235.0,477000.0,10129095000.0,-0.007478382799719561
8002,Marubeni Corporation,3628.0,3645.0,2766400.0,10083528000.0,0.008019911504424779
3323,"Recomm Co., Ltd.",168.0,161.0,62105400.0,9998969400.0,-0.012269938650306749
7527,SystemSoft Corp.,69.0,90.0,110510300.0,9945927000.0,0.34328358208955223
4543,Terumo Corporation,2457.0,2456.5,4047600.0,9942929400.0,-0.0008135041692088672
3778,Sakura Internet Inc.,3850.0,3575.0,2750500.0,9833037500.0,-0.04411764705882353
5108,Bridgestone Corporation,7059.0,7034.0,1386400.0,9751937600.0,0.0021370565607636417
5802,Sumitomo Electric Industries Ltd.,4207.0,4159.0,2332300.0,9700035700.0,-0.0059751434034416824
7269,Suzuki Motor Corporation,2127.5,2142.0,4519800.0,9681411600.0,0.004690431519699813
3853,Asteria Corp,1748.0,1705.0,5600300.0,9548511500.0,-0.015020219526285385
8591,Orix Corporation,3979.0,3977.0,2397200.0,9533664400.0,-0.0030082727500626723
8267,"Aeon Co., Ltd.",1808.0,1780.0,5331600.0,9490248000.0,-0.019823788546255508
6301,Komatsu Ltd.,5219.0,5270.0,1772800.0,9342656000.0,0.009771986970684038
4503,Astellas Pharma Inc.,1668.0,1672.0,5568100.0,9309863200.0,0.008748114630467572
7532,Pan Pacific International Holdings Corporation,4934.0,4939.0,1848400.0,9129247600.0,0.0010133765707336846
4578,"Otsuka Holdings Co., Ltd.",8078.0,8039.0,1135200.0,9125872800.0,-0.01252917332023093
9843,"Nitori Holdings Co., Ltd.",14520.0,14280.0,638600.0,9119208000.0,-0.020911895783339046
8630,Sompo Holdings Inc.,4705.0,4720.0,1912300.0,9026056000.0,0.007255655142979087
8801,"Mitsui Fudosan Co., Ltd.",1617.5,1588.5,5645900.0,8968512150.0,-0.0127408328154133
8309,Sumitomo Mitsui Trust Holdings Inc.,4284.0,4306.0,2006900.0,8641711400.0,0.005135387488328665
4506,"Sumitomo Pharma Co., Ltd.",1648.0,1672.0,5157900.0,8624008800.0,0.022004889975550123
4901,Fujifilm Holdings Corporation,3550.0,3626.0,2365600.0,8577665600.0,0.020258863252673044
8604,Nomura Holdings Inc.,1091.0,1094.0,7755700.0,8484735800.0,0.0032095369096744614
7936,Asics Corporation,3880.0,3846.0,2201500.0,8466969000.0,-0.010293360782295419
6988,Nitto Denko Corporation,3449.0,3513.0,2357600.0,8282248800.0,0.02869692532942899
5713,"Sumitomo Metal Mining Co., Ltd.",4207.0,4258.0,1914200.0,8150663600.0,0.026024096385542168
8795,T&D Holdings Inc.,3659.0,3626.0,2233800.0,8099758800.0,-0.009018857611369226
9022,Central Japan Railway Company,4124.0,4157.0,1935300.0,8045042100.0,-0.002878388102662509
1812,Kajima Corporation,4420.0,4313.0,1858600.0,8016141800.0,-0.02947794779477948
6361,Ebara Corporation,3116.0,3131.0,2550300.0,7984989300.0,0.007076230299131554
5020,"Eneos Holdings, Inc.",923.0,940.2999877929688,8450700.0,7946193106.842041,0.018964022790956242
6971,Kyocera Corporation,2034.5,2059.0,3847000.0,7920973000.0,0.019306930693069307
1605,Inpex Corporation,2602.5,2638.0,3000400.0,7915055200.0,0.009567546880979716
2802,"Ajinomoto Co., Inc.",4236.0,4278.0,1846900.0,7901038200.0,0.019056693663649357
1928,Sekisui House Ltd.,3393.0,3355.0,2296600.0,7705093000.0,-0.014973576042278332
4704,Trend Micro Incorporated,8457.0,8400.0,891000.0,7484400000.0,-0.004975124378109453
8830,"Sumitomo Realty & Development Co., Ltd.",6470.0,6313.0,1185400.0,7483430200.0,-0.02002483700714064
6963,"Rohm Co., Ltd.",2166.5,2221.0,3308900.0,7349066900.0,0.024682814302191464
9503,"Kansai Electric Power Co., Inc.",2176.5,2206.0,3325300.0,7335611800.0,0.015186378278877128
4005,"Sumitomo Chemical Co., Ltd.",466.20001220703125,477.0,15376800.0,7334733600.0,0.01770852907360824
7711,"Sukegawa Electric Co., Ltd.",5800.0,5800.0,1254600.0,7276680000.0,0.0017271157167530224
6417,Sankyo Co. Ltd.,2811.5,2712.0,2644600.0,7172155200.0,-0.07566462167689161
4689,Ly Corporation,493.8999938964844,486.5,14637500.0,7121143750.0,-0.016177957532861477
8750,Dai-ichi Life Holdings Inc.,1184.5,1183.0,5855700.0,6927293100.0,0.0
2502,"Asahi Group Holdings, Ltd.",1780.0,1766.0,3896000.0,6880336000.0,-0.007865168539325843
9020,East Japan Railway Company,3602.0,3629.0,1895100.0,6877317900.0,-0.002473886750962067
9697,"Capcom Co., Ltd.",4153.0,4059.0,1681500.0,6825208500.0,-0.005878030859662013
7733,Olympus Corporation,1851.5,1850.0,3684300.0,6815955000.0,-0.0008101539292465569
6532,BayCurrent Inc.,8931.0,8868.0,768500.0,6815058000.0,0.009447922595332954
7832,Bandai Namco Holdings Inc.,4901.0,4808.0,1408000.0,6769664000.0,-0.007021891780256092
4911,"Shiseido Co., Ltd.",2435.5,2503.5,2677100.0,6702119850.0,0.03514575149886293
3110,"Nitto Boseki Co., Ltd.",6980.0,6710.0,972500.0,6525475000.0,-0.0073964497041420114
4307,"Nomura Research Institute, Ltd.",5873.0,5861.0,1086000.0,6365046000.0,-0.005767599660729432
1801,Taisei Corporation,10270.0,9985.0,636300.0,6353455500.0,-0.033865505563618774
3099,Isetan Mitsukoshi Holdings Ltd.,2875.0,2930.0,2128700.0,6237091000.0,0.024833857992305003
8802,"Mitsubishi Estate Co., Ltd.",3380.0,3348.0,1860700.0,6229623600.0,-0.002680965147453083
4107,Ise Chemicals Corporation,28430.0,28750.0,215800.0,6204250000.0,0.029359112065878983
5721,"S Science Co., Ltd.",274.0,250.0,24625100.0,6156275000.0,-0.13793103448275862
6178,"Japan Post Holdings Co., Ltd.",1490.0,1485.5,4098800.0,6088767400.0,-0.005356545028456646
7202,Isuzu Motors Ltd.,1923.0,1958.5,3103500.0,6078204750.0,0.016610433428497273
4523,"Eisai Co., Ltd.",5144.0,5180.0,1151700.0,5965806000.0,0.0036814570819608604
3498,"Kasumigaseki Capital Co., Ltd.",9350.0,9440.0,625400.0,5903776000.0,0.02386117136659436
9602,Toho Co. Ltd.,9585.0,9198.0,638400.0,5872003200.0,-0.03178947368421053
6201,Toyota Industries Corporation,16700.0,16670.0,345300.0,5756151000.0,-0.0017964071856287425
4385,"Mercari, Inc.",2275.0,2278.0,2511200.0,5720513600.0,0.004187789288075821
2432,"Dena Co., Ltd.",2333.0,2301.5,2462500.0,5667443750.0,-0.01053310404127257
9735,"Secom Co., Ltd.",5572.0,5549.0,1014800.0,5631125200.0,-0.005377307761247535
6323,Rorze Corporation,2078.0,2111.5,2623000.0,5538464500.0,0.01441268316118184
6383,"Daifuku Co., Ltd.",4651.0,4691.0,1170600.0,5491284600.0,0.005357908272610373
6326,Kubota Corporation,1857.0,1877.0,2920100.0,5481027700.0,0.011042283867492593
7270,Subaru Corporation,3062.0,3098.0,1764500.0,5466421000.0,0.013080444735120994
8848,Leopalace21 Corporation,778.0,786.0,6951300.0,5463721800.0,0.08713692946058091
6590,Shibaura Mechatronics Corporation,12240.0,12200.0,439700.0,5364340000.0,-0.007323026851098454
9684,"Square Enix Holdings Co., Ltd.",9883.0,9712.0,527700.0,5125022400.0,-0.01380991064175467
9024,Seibu Holdings Inc.,5605.0,5541.0,923500.0,5117113500.0,-0.009828448892065762
8015,Toyota Tsusho Corporation,4111.0,4144.0,1229300.0,5094219200.0,0.006802721088435374
4324,Dentsu Group Inc.,3319.0,3326.0,1531600.0,5094101600.0,0.01340645947592931
4507,"Shionogi & Co., Ltd.",2688.0,2640.5,1924600.0,5081906300.0,-0.022760917838638046
1911,"Sumitomo Forestry Co., Ltd.",1741.5,1744.5,2898400.0,5056258800.0,-0.007679180887372013
4188,Mitsubishi Chemical Group Corporation,880.0999755859375,886.5,5637800.0,4997909700.0,0.0014685808574804989
1925,"Daiwa House Industry Co., Ltd.",5397.0,5406.0,924200.0,4996225200.0,-0.0014776505356483192
3697,Shift Inc.,1360.0,1329.5,3691600.0,4907982200.0,-0.019542772861356934
1802,Obayashi Corporation,2466.5,2432.0,2017800.0,4907289600.0,-0.015185260174124316
7309,Shimano Inc.,15900.0,15925.0,296800.0,4726540000.0,-0.001880288310874334
3861,Oji Holdings Corporation,822.0,828.2000122070312,5702600.0,4722893389.611816,0.0068077276772405045
8697,Japan Exchange Group Inc.,1554.0,1581.5,2966500.0,4691519750.0,0.011836212412028152
5344,"Maruwa Co., Ltd.",43940.0,43580.0,107600.0,4689208000.0,0.006001846722068329
7259,Aisin Corporation,2539.0,2538.0,1842400.0,4676011200.0,-0.0029463759575721863
1803,Shimizu Corporation,2133.0,2089.0,2217400.0,4632148600.0,-0.02062822315986873
7261,Mazda Motor Corporation,1083.0,1114.0,4135200.0,4606612800.0,0.017351598173515982
9023,"Tokyo Metro Co., Ltd.",1766.0,1740.0,2622000.0,4562280000.0,-0.011644419199091167
7550,"Zensho Holdings Co., Ltd.",9799.0,9792.0,465700.0,4560134400.0,-0.006493506493506494
8113,Unicharm Corporation,975.0,977.2000122070312,4655700.0,4549550096.832275,0.007007406865096332
7014,"Namura Shipbuilding Co., Ltd.",3105.0,3050.0,1469800.0,4482890000.0,-0.011345218800648298
2413,M3 Inc.,2340.0,2332.5,1921200.0,4481199000.0,0.007777057679844459
5411,JFE Holdings Inc.,1887.5,1883.0,2377500.0,4476832500.0,-0.005282620179609086
6504,"Fuji Electric Co., Ltd.",9926.0,9982.0,448400.0,4475928800.0,0.00675743822491175
2503,"Kirin Holdings Co., Ltd.",2184.5,2168.0,2046000.0,4435728000.0,-0.006871278057718736
6016,Japan Engine Corporation,10780.0,11090.0,398800.0,4422692000.0,0.05820610687022901
6869,Sysmex Corporation,1857.0,1867.0,2364100.0,4413774700.0,0.001609442060085837
6754,Anritsu Corporation,1897.5,2013.5,2155600.0,4340300600.0,0.07158062799361363
2897,"Nissin Foods Holdings Co., Ltd.",2861.0,2876.0,1502300.0,4320614800.0,0.006298110566829951
9531,"Tokyo Gas Co., Ltd.",5381.0,5338.0,807100.0,4308299800.0,-0.00946372239747634
8304,Aozora Bank Ltd.,2358.0,2387.0,1795600.0,4286097200.0,0.011440677966101695
9201,"Japan Airlines Co., Ltd.",3080.0,3054.0,1400800.0,4278043200.0,-0.007797270955165692
8601,Daiwa Securities Group Inc.,1203.5,1210.0,3486400.0,4218544000.0,0.01001669449081803
4751,CyberAgent Inc.,1776.0,1749.0,2409000.0,4213341000.0,-0.00370264881800057
9202,Ana Holdings Inc.,2900.0,2881.0,1450800.0,4179754800.0,-0.008432283600068835
4204,"Sekisui Chemical Co., Ltd.",2868.0,2822.5,1460300.0,4121696750.0,-0.014834205933682374
9021,West Japan Railway Company,3334.0,3337.0,1231100.0,4108180700.0,-0.00861556743909685
1942,"Kandenko Co., Ltd.",4199.0,4108.0,1000000.0,4108000000.0,-0.011073663938372653
6141,DMG Mori Co. Ltd.,2962.0,2971.5,1369400.0,4069172100.0,0.0025303643724696357
3659,"Nexon Co., Ltd.",3380.0,3360.0,1208900.0,4061904000.0,0.005988023952095809
2768,Sojitz Corporation,3988.0,3984.0,1016400.0,4049337600.0,0.005806614491290078
6269,Modec Inc.,8040.0,7920.0,505700.0,4005144000.0,-0.0012610340479192938
4586,MedRx Co. Ltd.,104.0,107.0,37141800.0,3974172600.0,0.13829787234042554
9041,"Kintetsu Group Holdings Co., Ltd.",3077.0,3117.0,1268700.0,3954537900.0,0.012012987012987014
7729,"Tokyo Seimitsu Co., Ltd.",10210.0,10200.0,381000.0,3886200000.0,0.005917159763313609
5334,"Niterra Co., Ltd.",5900.0,5886.0,658900.0,3878285400.0,0.0023841961852861036
9509,"Hokkaido Electric Power Co., Inc.",1144.5,1115.0,3473800.0,3873287000.0,-0.014146772767462422
3402,"Toray Industries, Inc.",975.0,969.7999877929688,3977900.0,3857767371.4416504,0.001962974822793739
6674,GS Yuasa Corporation,3321.0,3490.0,1066700.0,3722783000.0,0.0553371635923798
3635,"Koei Tecmo Holdings Co., Ltd.",1920.0,1930.0,1923300.0,3711969000.0,0.008886565603763722
9613,NTT Data Group Corporation,3970.0,3970.0,933800.0,3707186000.0,0.0
3064,"Monotaro Co., Ltd.",2309.5,2260.5,1638800.0,3704507400.0,-0.02627611458108981
6965,Hamamatsu Photonics K.K.,1620.0,1635.5,2261200.0,3698192600.0,0.016469857054070853
5726,"Osaka Titanium Technologies Co., Ltd.",2450.0,2350.0,1564200.0,3675870000.0,-0.020833333333333332
4369,Tri Chemical Laboratories Inc.,3120.0,3100.0,1184200.0,3671020000.0,0.014729950900163666
4684,"Obic Co., Ltd.",5347.0,5366.0,680600.0,3652099600.0,0.0003728560775540641
4183,"Mitsui Chemicals, Inc.",3726.0,3799.0,958100.0,3639821900.0,0.023713284828887092
6728,Ulvac Inc.,6702.0,6714.0,532400.0,3574533600.0,0.006898620275944811
7211,Mitsubishi Motors Corporation,415.3999938964844,419.79998779296875,8400900.0,3526697717.449951,0.0067145990239058755
4182,"Mitsubishi Gas Chemical Company, Inc.",2761.0,2790.5,1245300.0,3475009650.0,0.014358415121773901
3038,"Kobe Bussan Co., Ltd.",4293.0,4328.0,797700.0,3452445600.0,0.00815280689494526
3092,"Zozo, Inc.",1426.0,1422.0,2414000.0,3432708000.0,0.00035174111853675694
4917,Mandom Corporation,2123.0,2250.0,1523200.0,3427200000.0,0.0514018691588785
7731,Nikon Corporation,1835.0,1838.5,1830800.0,3365925800.0,-0.022074468085106384
3407,Asahi Kasei Corporation,1182.5,1196.5,2787100.0,3334765150.0,0.008003369839932602
4680,Round One Corporation,1407.0,1326.0,2514200.0,3333829200.0,-0.03982621288921072
7186,"Concordia Financial Group, Ltd.",1115.0,1131.0,2940000.0,3325140000.0,0.014349775784753363
8593,Mitsubishi HC Capital Inc.,1236.0,1238.5,2679700.0,3318808450.0,0.0020226537216828477
1878,Daito Trust Construction Co. Ltd.,16525.0,16440.0,198800.0,3268272000.0,-0.007845503922751962
4186,"Tokyo Ohka Kogyo Co., Ltd.",4900.0,5047.0,644900.0,3254810300.0,0.03570695670018469
4021,Nissan Chemical Corporation,5406.0,5529.0,588200.0,3252157800.0,0.04163526752072343
3088,Matsukiyococokara & Co.,3048.0,3023.0,1069600.0,3233400800.0,-0.006245890861275477
8331,Chiba Bank Ltd.,1523.5,1540.5,2080700.0,3205318350.0,0.011822660098522168
8354,Fukuoka Financial Group Inc.,4389.0,4436.0,718900.0,3189040400.0,0.018365472910927456
5595,Institute for Q-shu Pioneers,1850.0,1771.0,1795000.0,3178945000.0,-0.044252563410685376
7272,"Yamaha Motor Co., Ltd.",1110.0,1113.0,2855400.0,3178060200.0,0.006329113924050633
2269,"Meiji Holdings Co., Ltd.",3133.0,3141.0,1010900.0,3175236900.0,0.003514376996805112
2875,Toyo Suisan Kaisha Ltd.,10750.0,10815.0,293400.0,3173121000.0,0.010275572162540868
2267,"Yakult Honsha Co., Ltd.",2465.5,2470.0,1284500.0,3172715000.0,0.0040650406504065045
7911,Toppan Holdings Inc.,3837.0,3863.0,805800.0,3112805400.0,0.01178627553693033
8105,"Marusho Hotta Co., Ltd.",665.0,573.0,5394600.0,3091105800.0,-0.1251908396946565
9532,"Osaka Gas Co., Ltd.",4206.0,4250.0,716100.0,3043425000.0,0.010221060137865463
2585,Lifedrink Co Inc.,2311.0,2311.0,1309200.0,3025561200.0,0.005219660722053067
5110,"Sumitomo Rubber Industries, Ltd.",1806.0,1768.5,1701400.0,3008925900.0,-0.02481389578163772
4971,MEC Co. Ltd.,3570.0,3795.0,784800.0,2978316000.0,0.0936599423631124
5938,Lixil Corporation,1911.0,1915.0,1543600.0,2955994000.0,-0.0018243419338024498
7419,Nojima Corporation,3835.0,3925.0,752100.0,2951992500.0,0.01683937823834197
9831,"Yamada Holdings Co., Ltd.",475.0,479.79998779296875,6134200.0,2943189085.119629,0.0029264086838331023
9147,Nippon Express Holdings Inc.,3393.0,3392.0,865200.0,2934758400.0,-0.0026462805057336078
3289,Tokyu Fudosan Holdings Corporation,1248.0,1243.0,2325800.0,2890969400.0,0.0016116035455278
2587,Suntory Beverage & Food Ltd.,4685.0,4706.0,605900.0,2851365400.0,0.00448239060832444
5333,"NGK Insulators, Ltd.",2438.0,2496.0,1120800.0,2797516800.0,0.018983466013472138
4528,"Ono Pharmaceutical Co., Ltd.",1711.5,1719.5,1620400.0,2786277800.0,0.005261619409529378
4564,OncoTherapy Science Inc.,27.0,28.0,99064600.0,2773808800.0,0.07692307692307693
6479,Minebea Mitsumi Inc.,2755.0,2785.5,991900.0,2762937450.0,0.01846435100548446
5831,Shizuoka Financial Group Inc.,1985.0,1995.0,1383400.0,2759883000.0,0.010126582278481013
6268,Nabtesco Corporation,3338.0,3397.0,808800.0,2747493600.0,0.01737047020065888
7181,"Japan Post Insurance Co., Ltd.",4099.0,4101.0,668400.0,2741108400.0,0.00048792388387411563
6305,"Hitachi Construction Machinery Co., Ltd.",4743.0,4713.0,580300.0,2734953900.0,-0.0033833791499259885
5201,AGC Inc.,4790.0,4793.0,569600.0,2730092800.0,0.0012533946104031752
1662,"Japan Petroleum Exploration Co., Ltd.",1270.0,1316.0,2072800.0,2727804800.0,0.03622047244094488
6324,Harmonic Drive Systems Inc.,3025.0,3075.0,876000.0,2693700000.0,0.01485148514851485
5101,"Yokohama Rubber Co., Ltd.",5733.0,5811.0,462400.0,2687006400.0,0.01679790026246719
4593,Healios K.K.,596.0,622.0,4317900.0,2685733800.0,0.05245346869712352
4072,"Densan System Holdings Co., Ltd.",3830.0,3665.0,728000.0,2668120000.0,-0.04308093994778068
5406,Kobe Steel Ltd.,1800.0,1806.5,1470300.0,2656096950.0,-0.000829646017699115
6586,Makita Corporation,4950.0,4870.0,543200.0,2645384000.0,-0.013570994531091757
5253,Cover Corp.,1969.0,1932.0,1358400.0,2624428800.0,-0.009230769230769232
5105,Toyo Tire Corporation,4066.0,4077.0,636100.0,2593379700.0,0.010408921933085501
9048,"Nagoya Railroad Co., Ltd.",1745.5,1748.0,1483600.0,2593332800.0,0.0014322543683758235
7752,"Ricoh Company, Ltd.",1335.0,1360.5,1892800.0,2575154400.0,0.023702031602708805
9468,Kadokawa Corporation,3562.0,3563.0,721700.0,2571417100.0,0.002250351617440225
8951,Nippon Building Fund Inc.,141600.0,141300.0,18193.0,2570670900.0,-0.0007072135785007072
5830,Iyogin Holdings Inc.,2126.0,2164.0,1187600.0,2569966400.0,0.018832391713747645
9502,"Chubu Electric Power Company, Inc.",2056.5,2058.0,1247700.0,2567766600.0,0.0004861448711716091
6481,"THK Co., Ltd.",4038.0,4092.0,627000.0,2565684000.0,0.015132721409079633
5032,Anycolor Inc.,5590.0,5540.0,461500.0,2556710000.0,-0.0035971223021582736
6724,Seiko Epson Corporation,1960.0,2003.0,1271600.0,2547014800.0,0.028762198253723677
9044,"Nankai Electric Railway Co., Ltd.",2715.5,2737.5,928400.0,2541495000.0,0.008473015288266716
4732,Uss Co. Ltd.,1804.0,1780.0,1425000.0,2536500000.0,-0.016302846090080134
9166,Genda Inc.,963.0,937.0,2697000.0,2527089000.0,-0.02598752598752599
4716,Oracle Corporation Japan,16350.0,16390.0,153500.0,2515865000.0,0.003981623277182236
4768,Otsuka Corporation,3111.0,3145.0,799300.0,2513798500.0,0.005756315957787016
2160,GNI Group Ltd.,2562.0,2488.0,993000.0,2470584000.0,-0.03453628249902988
4612,"Nippon Paint Holdings Co., Ltd.",1004.0,1000.0,2469400.0,2469400000.0,0.0019036413791585207
8253,"Credit Saison Co., Ltd.",3875.0,3869.0,636300.0,2461844700.0,-0.0015483870967741935
1969,"Takasago Thermal Engineering Co., Ltd.",8596.0,8496.0,289000.0,2455344000.0,-0.008866075594960336
5233,Taiheiyo Cement Corporation,3952.0,3913.0,626400.0,2451103200.0,-0.013114754098360656
9962,Misumi Group Inc.,2374.5,2389.5,1021000.0,2439679500.0,0.006529064869418702
2371,Kakaku.com Inc.,2648.5,2629.5,923900.0,2429395050.0,-0.0066112580279561765
4042,Tosoh Corporation,2297.0,2329.5,1042400.0,2428270800.0,0.014369693011103853
6113,"Amada Co., Ltd.",1836.0,1850.0,1303800.0,2412030000.0,0.015089163237311385
2801,Kikkoman Corporation,1302.0,1291.5,1842700.0,2379847050.0,0.0003872966692486445
9435,Hikari Tsushin Inc.,42690.0,42640.0,55800.0,2379312000.0,-0.0011712344811431249
5602,Kurimoto Ltd.,8560.0,8570.0,271600.0,2327612000.0,-0.0011655011655011655
5332,Toto Ltd.,4002.0,3999.0,576100.0,2303823900.0,-0.002494387627837366
6507,"Sinfonia Technology Co., Ltd.",8320.0,8360.0,275000.0,2299000000.0,0.013333333333333334
5805,Swcc Corporation,8000.0,7820.0,292200.0,2285004000.0,-0.020050125313283207
5021,"Cosmo Energy Holdings Co., Ltd.",7195.0,7260.0,311800.0,2263668000.0,0.008333333333333333
4912,Lion Corporation,1550.0,1556.0,1445100.0,2248575600.0,0.010061668289516391
9042,Hankyu Hanshin Holdings Inc.,4370.0,4399.0,508300.0,2236011700.0,0.002050113895216401
4666,"Park24 Co., Ltd.",1942.5,1918.5,1164500.0,2234093250.0,-0.012355212355212355
4091,Nippon Sanso Holdings Corporation,5570.0,5679.0,393100.0,2232414900.0,0.01664876476906552
6814,"Furuno Electric Co., Ltd.",5340.0,5390.0,410400.0,2212056000.0,0.009363295880149813
3349,Cosmos Pharmaceutical Corp.,8627.0,8640.0,253500.0,2190240000.0,-0.00563931407526758
9064,"Yamato Holdings Co., Ltd.",2400.0,2400.0,909400.0,2182560000.0,-0.0033222591362126247
2586,Fruta Fruta Inc.,232.0,237.0,9169600.0,2173195200.0,0.039473684210526314
2158,Fronteo Inc.,930.0,931.0,2333100.0,2172116100.0,0.023076923076923078
3003,"Hulic Co., Ltd.",1647.0,1634.0,1322700.0,2161291800.0,-0.006384919428397689
4023,Kureha Corporation,4005.0,4045.0,531400.0,2149513000.0,0.012515644555694618
1808,Haseko Corporation,2526.0,2505.0,856300.0,2145031500.0,-0.005952380952380952
9616,"Kyoritsu Maintenance Co., Ltd.",3291.0,3312.0,647000.0,2142864000.0,0.0048543689320388345
7777,3-D Matrix Ltd.,303.0,309.0,6846800.0,2115661200.0,0.013114754098360656
6841,Yokogawa Electric Corporation,4331.0,4387.0,482200.0,2115411400.0,0.015274242073594076
7721,Tokyo Keiki Inc.,4700.0,4705.0,449300.0,2113956500.0,0.021715526601520086
6753,Sharp Corporation,831.0,857.4000244140625,2462000.0,2110918860.1074219,0.03152070719713305
3197,"Skylark Holdings Co., Ltd.",2985.0,2985.5,702300.0,2096716650.0,0.001005867560771165
5019,"Idemitsu Kosan Co., Ltd.",1020.0,1031.0,2030400.0,2093342400.0,0.0068359375
6254,"Nomura Micro Science Co., Ltd.",3360.0,3285.0,635200.0,2086632000.0,-0.004545454545454545
6448,Brother Industries Ltd.,2575.0,2604.5,800300.0,2084381350.0,0.025393700787401576
1893,"Penta-Ocean Construction Co., Ltd.",1166.0,1160.5,1794500.0,2082517250.0,0.003025064822817632
6471,NSK Ltd.,786.9000244140625,789.2999877929688,2636000.0,2080594767.8222656,0.0017768287035494898
5985,Suncall Corporation,1099.0,1111.0,1872200.0,2080014200.0,0.03928905519176801
5844,Kyoto Financial Group Inc.,3030.0,3084.0,672200.0,2073064800.0,0.014473684210526316
7167,Mebuki Financial Group Inc.,907.5,910.0999755859375,2248800.0,2046632825.0976562,0.0018713684788499482
3696,Ceres Inc.,2790.0,2699.0,757400.0,2044222600.0,-0.014963503649635036
2282,Nh Foods Ltd.,5794.0,5804.0,352200.0,2044168800.0,0.0010348395998620215
6770,"Alps Alpine Co., Ltd.",1874.0,1910.5,1048800.0,2003732400.0,0.02247792346802248
2726,"Pal Group Holdings Co., Ltd.",2580.0,2558.0,781100.0,1998053800.0,-0.015775298191612157
8952,Japan Real Estate Investment Corporation,128400.0,127300.0,15608.0,1986898400.0,-0.00779423226812159
6460,Sega Sammy Holdings Inc.,3073.0,3087.0,640100.0,1975988700.0,0.016798418972332016
3923,"Rakus Co., Ltd.",2701.5,2703.0,729100.0,1970757300.0,0.011980531636091352
3656,KLab Inc.,198.0,178.0,10954800.0,1949954400.0,-0.08247422680412371
8341,77 Bank Ltd.,5844.0,5985.0,325200.0,1946322000.0,0.028527238357106032
4151,"Kyowa Kirin Co., Ltd.",2350.0,2335.5,833000.0,1945471500.0,-0.006170212765957447
2871,Nichirei Corporation,1755.0,1745.0,1110000.0,1936950000.0,-0.0042796005706134095
2222,"Kotobuki Spirits Co., Ltd.",1840.0,1888.5,1022300.0,1930613550.0,0.04164368450082736
3405,"Kuraray Co., Ltd.",1705.0,1732.0,1109300.0,1921307600.0,0.01762632197414806
3626,TIS Inc.,5029.0,5012.0,380300.0,1906063600.0,-0.0075247524752475245
6890,Ferrotec Holdings Corporation,4065.0,4155.0,454600.0,1888863000.0,0.028465346534653466
7276,"Koito Manufacturing Co., Ltd.",2261.0,2265.0,832500.0,1885612500.0,0.00823503227242377
9143,"SG Holdings Co., Ltd.",1601.0,1593.5,1181600.0,1882879600.0,-0.01055572803477181
8252,"Marui Group Co., Ltd.",3253.0,3257.0,576100.0,1876357700.0,0.0012296341838303104
5214,"Nippon Electric Glass Co., Ltd.",4897.0,4888.0,383500.0,1874548000.0,0.007004532344458179
1721,Comsys Holdings Corporation,3710.0,3702.0,505600.0,1871731200.0,0.009544586855740387
5929,Sanwa Holdings Corporation,4466.0,4419.0,423500.0,1871446500.0,-0.015154891909962113
3231,"Nomura Real Estate Holdings, Inc.",964.2000122070312,959.0,1939200.0,1859692800.0,-0.0031185031185031187
7701,Shimadzu Corporation,3698.0,3723.0,494000.0,1839162000.0,0.0045871559633027525
5711,Mitsubishi Materials Corporation,2609.0,2636.5,692500.0,1825776250.0,0.017757189731712024
7649,"Sugi Holdings Co., Ltd.",3658.0,3633.0,499300.0,1813956900.0,-0.011697497279651796
2809,Kewpie Corporation,4159.0,4156.0,433800.0,1802872800.0,0.0007223693715386468
7747,"Asahi Intecc Co., Ltd.",2558.0,2599.0,692400.0,1799547600.0,0.01602814698983581
6834,"Seikoh Giken Co., Ltd.",9060.0,9480.0,189600.0,1797408000.0,0.05921787709497207
9007,"Odakyu Electric Railway Co., Ltd.",1714.0,1712.0,1042400.0,1784588800.0,-0.003202328966521106
8111,Goldwin Inc.,7630.0,7497.0,237800.0,1782786600.0,-0.0076770350761085375
6845,Azbil Corporation,1481.0,1458.5,1216800.0,1774702800.0,-0.018836192398250923
6473,JTEKT Corporation,1514.0,1531.5,1153400.0,1766432100.0,0.011224826675470452
9508,"Kyushu Electric Power Co., Inc.",1515.0,1521.0,1151100.0,1750823100.0,0.0066181336863004635
3281,GLP J-REIT,135600.0,135100.0,12878.0,1739817800.0,-0.003687315634218289
2334,Federal National Mortgage Association (FNCL) Floating Rate Note 1995 Series,5670.0,5340.0,325700.0,1739238000.0,-0.06315789473684211
4114,"Nippon Shokubai Co., Ltd.",1870.0,1871.5,928700.0,1738062050.0,0.007265877287405812
5262,Nippon Hume Corporation,4185.0,4045.0,426900.0,1726810500.0,-0.024125452352231604
3391,Tsuruha Holdings Inc.,2363.5,2345.0,734500.0,1722402500.0,-0.008875739644970414
1890,Toyo Construction Co. Ltd.,1744.0,1728.0,994300.0,1718150400.0,-0.012006861063464836
4194,Visional Inc.,12100.0,11755.0,145500.0,1710352500.0,-0.019190654985398414
3086,"J. Front Retailing Co., Ltd.",2473.0,2490.5,683300.0,1701758650.0,0.007280080889787664
8524,North Pacific Bank Ltd.,726.0,724.0,2342200.0,1695752800.0,0.0111731843575419
8985,Japan Hotel REIT Investment Corporation,87700.0,87400.0,19367.0,1692675800.0,-0.00228310502283105
9005,Tokyu Corporation,1863.0,1866.0,904100.0,1687050600.0,0.0008045052292839903
8227,"Shimamura Co., Ltd.",10760.0,10775.0,155700.0,1677667500.0,-0.008739650413983441
4527,"Rohto Pharmaceutical Co., Ltd.",2523.0,2552.0,654100.0,1669263200.0,0.01978021978021978
9031,"Nishi-Nippon Railroad Co., Ltd.",2300.0,2321.5,714600.0,1658943900.0,0.011106271777003485
8282,K's Holdings Corporation,1596.0,1605.0,1032800.0,1657644000.0,0.003125
6302,Sumitomo Heavy Industries Ltd.,3397.0,3425.0,482800.0,1653590000.0,0.00972877358490566
9009,"Keisei Electric Railway Co., Ltd.",1360.0,1389.5,1189800.0,1653227100.0,0.016831320892791803
4208,Ube Corporation,2375.0,2396.0,689300.0,1651562800.0,0.014394580863674851
4536,"Santen Pharmaceutical Co., Ltd.",1635.5,1646.0,997100.0,1641226600.0,-0.0024242424242424242
4478,Freee K.K.,3780.0,3645.0,440600.0,1605987000.0,-0.03571428571428571
4833,Def Consulting Inc.,165.0,161.0,9887600.0,1591903600.0,-0.06936416184971098
9142,Kyushu Railway Company,4028.0,4031.0,393100.0,1584586100.0,-0.005182625863770977
8918,"Land Co., Ltd.",9.0,10.0,158113800.0,1581138000.0,0.0
2743,Pixel Companyz Inc.,166.0,169.0,9332900.0,1577260100.0,0.049689440993788817
6332,"Tsukishima Holdings Co., Ltd.",3130.0,3050.0,514700.0,1569835000.0,-0.025559105431309903
7912,"Dai Nippon Printing Co., Ltd.",2529.0,2546.0,611500.0,1556879000.0,0.011320754716981131
3471,Mitsui Fudosan Logistics Park Inc.,107100.0,107000.0,14512.0,1552784000.0,0.0009354536950420954
6806,"Hirose Electric Co., Ltd.",19350.0,19435.0,79700.0,1548969500.0,0.005431971029487843
4676,Fuji Media Holdings Inc.,3500.0,3432.0,450700.0,1546802400.0,-0.01633705932932072
6856,Horiba Ltd.,12760.0,12800.0,120800.0,1546240000.0,0.00747737111373475
4980,Dexerials Corporation,2200.0,2302.0,670900.0,1544411800.0,0.05475372279495991
6330,Toyo Engineering Corporation,1560.0,1488.0,1025200.0,1525497600.0,-0.01782178217821782
6310,"Iseki & Co., Ltd.",2302.0,2326.0,655800.0,1525390800.0,0.010425716768027803
3249,Industrial & Infrastructure Fund Investment Corporation,135600.0,135500.0,11196.0,1517058000.0,0.003703703703703704
9409,TV Asahi Holdings Corporation,3245.0,3250.0,466100.0,1514825000.0,0.0015408320493066256
6923,"Stanley Electric Co., Ltd.",3002.0,3073.0,490700.0,1507921100.0,0.023650899400399734
4088,Air Water Inc.,2575.0,2586.0,580400.0,1500914400.0,0.002714230321830167
9506,"Tohoku Electric Power Co., Inc.",1111.0,1123.0,1336100.0,1500440300.0,0.010801080108010801
7762,"Citizen Watch Co., Ltd.",1020.0,1016.0,1469300.0,1492808800.0,0.0029615004935834156
7732,Topcon Corporation,3287.0,3277.0,452400.0,1482514800.0,-0.0033454987834549877
8960,United Urban Investment Corporation,183100.0,180600.0,8205.0,1481823000.0,-0.013653741125068269
6370,Kurita Water Industries Ltd.,5232.0,5179.0,284900.0,1475497100.0,-0.001542317331791016
8804,"Tokyo Tatemono Co., Ltd.",2913.0,2888.5,510700.0,1475156950.0,-0.00017307026652821047
8359,"The Hachijuni Bank, Ltd.",1485.0,1498.0,978800.0,1466242400.0,0.009093971034018189
1944,Kinden Corporation,5256.0,5225.0,277800.0,1451505000.0,-0.005898021308980213
8963,Invincible Investment Corporation,67100.0,67100.0,21590.0,1448689000.0,0.004491017964071856
3903,Gumi Inc.,654.0,625.0,2310700.0,1444187500.0,-0.0234375
1719,Hazama Ando Corporation,1709.0,1698.0,843500.0,1432263000.0,-0.006436512580456407
1844,"Ohmori Co., Ltd.",1080.0,1004.0,1423000.0,1428692000.0,-0.08310502283105023
7581,"Saizeriya Co., Ltd.",5030.0,4955.0,287700.0,1425553500.0,-0.002014098690835851
2327,NS Solutions Corporation,3692.0,3720.0,382000.0,1421040000.0,0.0016155088852988692
8698,Monex Group Inc.,829.0,825.0,1721300.0,1420072500.0,-0.0024183796856106408
9171,"Kuribayashi Steamship Co., Ltd.",1140.0,1440.0,984700.0,1417968000.0,0.2631578947368421
7951,Yamaha Corporation,1009.0,1000.0,1416900.0,1416900000.0,0.003713753138979374
3083,"Star Seeds Co., Ltd.",816.0,846.0,1665200.0,1408759200.0,0.04315659679408138
3186,"Nextage Co., Ltd.",2429.0,2460.0,572100.0,1407366000.0,0.01192924722336487
6055,"Japan Material Co., Ltd.",1923.0,1890.0,740300.0,1399167000.0,-0.008394543546694649
7458,"Daiichikosho Co., Ltd.",1702.5,1701.5,820200.0,1395570300.0,-0.001174053419430584
3397,Toridoll Holdings Corporation,5017.0,5024.0,275700.0,1385116800.0,0.0013952561291608531
1963,JGC Holdings Corporation,1475.0,1488.5,929800.0,1384007300.0,0.018125854993160054
9001,"Tobu Railway Co., Ltd.",2690.0,2711.5,509400.0,1381238100.0,0.004817491198814156
8377,Hokuhoku Financial Group Inc.,3733.0,3766.0,364800.0,1373836800.0,0.008840075006697026
6472,NTN Corporation,343.6000061035156,340.8999938964844,4025400.0,1372258835.4309082,-0.006122466774098032
5076,Infroneer Holdings Inc.,1530.0,1517.5,899900.0,1365598250.0,-0.0036112934996717005
2982,"Ad Works Group Co., Ltd.",493.0,472.0,2889600.0,1363891200.0,-0.04838709677419355
9076,"Seino Holdings Co., Ltd.",2247.5,2253.0,603700.0,1360136100.0,0.01054047992823503
2501,Sapporo Holdings Ltd.,7474.0,7284.0,186600.0,1359194400.0,-0.01951810472472742
4393,Bank of Innovation Inc.,9370.0,8940.0,150600.0,1346364000.0,0.00562429696287964
7717,"V Technology Co., Ltd.",3830.0,3790.0,352800.0,1337112000.0,0.0676056338028169
3046,Jins Holdings Inc.,9660.0,9520.0,140200.0,1334704000.0,-0.01142263759086189
8953,Japan Metropolitan Fund Investment Corporation,114200.0,114000.0,11671.0,1330494000.0,0.0017574692442882249
6368,Organo Corporation,11990.0,11990.0,110800.0,1328492000.0,0.006717044500419815
5310,"Toyo Tanso Co., Ltd.",4310.0,4380.0,301500.0,1320570000.0,0.03058823529411765
8410,Seven Bank Ltd.,289.6000061035156,288.29998779296875,4574600.0,1318857124.1577148,-0.004489013408660606
6135,"Makino Milling Machine Co., Ltd.",11540.0,11520.0,114000.0,1313280000.0,-0.0034602076124567475
5444,"Yamato Kogyo Co., Ltd.",9671.0,9693.0,134900.0,1307585700.0,0.0022748423120670046
4203,"Sumitomo Bakelite Co., Ltd.",5036.0,5133.0,254500.0,1306348500.0,0.01703982563899346
6406,"Fujitec Co., Ltd.",5642.0,5675.0,230100.0,1305817500.0,0.0062056737588652485
4928,"Noevir Holdings Co., Ltd.",4690.0,4720.0,276400.0,1304608000.0,0.010706638115631691
3462,Nomura Real Estate Master Fund,163200.0,162400.0,7993.0,1298063200.0,-0.005511328842620943
4043,Tokuyama Corporation,3736.0,3783.0,342300.0,1294920900.0,0.018030139935414424
7205,Hino Motors Ltd.,372.1000061035156,375.3999938964844,3418600.0,1283342419.1345215,0.0016008701255536197
6613,QD Laser Inc.,410.0,391.0,3272100.0,1279391100.0,-0.02736318407960199
8088,Iwatani Corporation,1658.0,1670.0,765400.0,1278218000.0,0.015197568389057751
3288,"Open House Group Co., Ltd.",7725.0,7671.0,166500.0,1277221500.0,-0.006990291262135922
9513,"Electric Power Development Co., Ltd.",2795.5,2790.0,457000.0,1275030000.0,-0.003927168868261335
9936,Ohsho Food Service Corp.,3770.0,3775.0,336900.0,1271797500.0,-0.002642007926023778
3269,Advance Residence Investment Corporation,166400.0,169000.0,7451.0,1259219000.0,0.013797240551889621
5901,Toyo Seikan Group Holdings Ltd.,3450.0,3426.0,367100.0,1257684600.0,-0.007244277021153289
7906,"Yonex Co., Ltd.",3655.0,3655.0,342300.0,1251106500.0,-0.004087193460490463
7867,Tomy Company Ltd.,3140.0,3155.0,393700.0,1242123500.0,0.009277031349968011
7004,Kanadevia Corp.,1033.0,1021.0,1216300.0,1241842300.0,-0.011616650532429816
9301,Mitsubishi Logistics Corp.,1193.0,1195.5,1038300.0,1241287650.0,-0.0016701461377870565
8056,Biprogy Inc.,6283.0,6234.0,198800.0,1239319200.0,-0.013139148329903436
9504,"Chugoku Electric Power Company, Incorporated",851.5,859.0999755859375,1428400.0,1227138405.1269531,0.00503040226295628
1332,Nissui Corporation,1047.0,1047.5,1168900.0,1224422750.0,0.0028721876495931067
3399,Maruchiyo Yamaokaya Corp.,3375.0,3315.0,369100.0,1223566500.0,-0.017777777777777778
7564,"Workman Co., Ltd.",5940.0,5890.0,207600.0,1222764000.0,-0.00338409475465313
9404,Nippon Television Holdings Inc.,3999.0,3966.0,308100.0,1221924600.0,-0.008252063015753939
3769,GMO Payment Gateway Inc.,8383.0,8388.0,144200.0,1209549600.0,0.0009546539379474941
3993,Pksha Technology Inc.,3820.0,3795.0,318100.0,1207189500.0,0.003968253968253968
4631,Dic Corporation,3612.0,3639.0,330800.0,1203781200.0,0.00887163848073191
2229,Calbee Inc.,3017.0,2956.0,406000.0,1200136000.0,-0.020218760357971495
8984,Daiwa House REIT Investment Corporation,126500.0,126300.0,9495.0,1199218500.0,0.003177124702144559
2002,Nisshin Seifun Group Inc.,1836.0,1842.0,650300.0,1197852600.0,0.004362050163576881
6787,"Meiko Electronics Co., Ltd.",10020.0,10060.0,118000.0,1187080000.0,0.014112903225806451
6740,Japan Display Inc.,28.0,25.0,47360300.0,1184007500.0,-0.07407407407407407
8628,"Matsui Securities Co., Ltd.",796.0,789.0,1494600.0,1179239400.0,-0.006297229219143577
7337,Hirogin Holdings Inc.,1401.0,1418.0,821600.0,1165028800.0,0.012134189864382585
4480,Medley Inc.,2500.0,2444.0,475500.0,1162122000.0,-0.0224
2579,Coca-Cola Bottlers Japan Holdings Inc.,2673.0,2636.0,440200.0,1160367200.0,-0.009022556390977444
7988,Nifco Inc.,4445.0,4465.0,259600.0,1159114000.0,0.00563063063063063
7956,Pigeon Corporation,1788.0,1785.5,641700.0,1145755350.0,-0.003627232142857143
4061,"Denka Co., Ltd.",2350.0,2377.5,481900.0,1145717250.0,0.019948519948519948
2296,Itoham Yonekyu Holdings Inc.,5780.0,5750.0,196200.0,1128150000.0,-0.005190311418685121
4205,Zeon Corporation,1680.0,1695.0,664300.0,1125988500.0,0.017101710171017102
6227,Aimechatc Ltd.,4990.0,4860.0,231600.0,1125576000.0,-0.006134969325153374
6465,Hoshizaki Corporation,5685.0,5684.0,197500.0,1122590000.0,-0.007334963325183374
4540,Tsumura & Co.,3725.0,3736.0,300100.0,1121173600.0,0.0013401232913428035
4265,Institution for a Global Society Corporation,681.0,571.0,1960600.0,1119502600.0,-0.14903129657228018
8334,Gunma Bank Ltd.,1560.0,1577.5,709400.0,1119078500.0,0.008631713554987212
8972,KDX Realty Investment Corporation,169900.0,169500.0,6596.0,1118022000.0,-0.002354326074161271
4597,Solasia Pharma K.K.,36.0,38.0,29329900.0,1114536200.0,0.05555555555555555
1951,Exeo Group Inc.,2170.0,2178.5,509300.0,1109510050.0,-0.002289901534234028
8366,"The Shiga Bank, Ltd.",6450.0,6530.0,169500.0,1106835000.0,0.013975155279503106
7220,"Musashi Seimitsu Industry Co., Ltd.",3765.0,3705.0,298500.0,1105942500.0,-0.008032128514056224
4180,Appier Group Inc.,1699.0,1632.0,676600.0,1104211200.0,-0.0394349617422013
9364,"Kamigumi Co., Ltd.",4582.0,4560.0,240900.0,1098504000.0,-0.0008764241893076249
3687,Fixstars Corporation,1940.0,1920.0,571800.0,1097856000.0,0.0020876826722338203
7282,"Toyoda Gosei Co., Ltd.",3708.0,3737.0,293200.0,1095688400.0,0.007277628032345013
3994,Money Forward Inc.,6140.0,6103.0,178200.0,1087554600.0,-0.0029406959647116484
4681,Resorttrust Inc.,1832.5,1831.0,593400.0,1086515400.0,0.007150715071507151
1959,Kyudenko Corporation,7187.0,7200.0,150600.0,1084320000.0,-0.002355549397256478
7148,"Financial Partners Group Co., Ltd.",2460.0,2461.0,440100.0,1083086100.0,0.0004065040650406504
2201,"Morinaga & Co., Ltd.",2635.0,2635.0,411000.0,1082985000.0,-0.0026495079485238456
8242,H2O Retailing Corporation,2242.0,2260.0,478900.0,1082314000.0,0.013452914798206279
4922,Kose Corporation,5835.0,5890.0,183500.0,1080815000.0,0.014118457300275482
9989,"Sundrug Co., Ltd.",4444.0,4411.0,244000.0,1076284000.0,-0.011872759856630824
8439,Tokyo Century Corporation,1950.5,1962.5,548400.0,1076235000.0,0.0012755102040816326
6574,Convano Inc.,240.0,236.0,4543100.0,1072171600.0,-0.024793388429752067
3941,"Rengo Co., Ltd.",940.0999755859375,951.4000244140625,1122400.0,1067851387.4023438,0.010515161353226235
2695,Kura Sushi Inc.,3510.0,3485.0,305100.0,1063273500.0,-0.007122507122507123
5991,"NHK Spring Co., Ltd.",2070.0,2090.5,507000.0,1059883500.0,0.010880077369439071
9861,"Yoshinoya Holdings Co., Ltd.",3076.0,3067.0,341800.0,1048300600.0,-0.009366925064599484
5463,Maruichi Steel Tube Ltd.,3850.0,3850.0,271400.0,1044890000.0,0.005221932114882507
6412,Heiwa Corporation,2171.0,2161.0,483300.0,1044411300.0,-0.00871559633027523
4902,Konica Minolta Inc.,539.5999755859375,543.5,1914000.0,1040259000.0,0.007787895980156387
3774,Internet Initiative Japan Inc.,2727.0,2746.5,377900.0,1037902350.0,-0.0027233115468409588
3549,"Kusuri No Aoki Holdings Co., Ltd.",3978.0,3960.0,261800.0,1036728000.0,-0.004524886877828055
2181,"Persol Holdings Co., Ltd.",278.20001220703125,278.79998779296875,3693000.0,1029608354.9194336,0.0007178093505813511
4613,"Kansai Paint Co., Ltd.",2482.5,2467.5,416600.0,1027960500.0,-0.006042296072507553
4403,Nof Corporation,2672.0,2679.5,383000.0,1026248500.0,0.0009338812103100486
8153,Mos Food Services Inc.,4035.0,4050.0,253000.0,1024650000.0,-0.0012330456226880395
9072,"Nikkon Holdings Co., Ltd.",3410.0,3445.0,295400.0,1017653000.0,0.012937371361364304
6946,"Nippon Avionics Co., Ltd.",4710.0,4480.0,226800.0,1016064000.0,-0.02714440825190011
4816,"Toei Animation Co., Ltd.",3070.0,3035.0,334600.0,1015511000.0,-0.009787928221859706
7459,Medipal Holdings Corp,2610.0,2612.5,388400.0,1014695000.0,0.007131842713955281
6544,"Japan Elevator Service Holdings Co., Ltd.",3985.0,3925.0,258100.0,1013042500.0,-0.0038071065989847717
2767,Tsuburaya Fields Holdings Inc.,2222.0,2193.0,459800.0,1008341400.0,-0.008141112618724558
6028,TechnoPro Holdings Inc.,4810.0,4809.0,209400.0,1007004600.0,0.0012492192379762648
7616,"Colowide Co., Ltd.",1915.0,1906.5,526000.0,1002819000.0,-0.003397804495556717
9449,"GMO Internet Group, Inc.",3842.0,3760.0,266600.0,1002416000.0,-0.014675052410901468
2593,"Ito En, Ltd.",3460.0,3515.0,284700.0,1000720500.0,0.01707175925925926
9008,Keio Corporation,3896.0,3897.0,256600.0,999970200.0,0.0017994858611825194
9003,Sotetsu Holdings Inc.,2603.5,2621.0,375500.0,984185500.0,0.006528417818740399
6951,Jeol Ltd.,4905.0,4977.0,197300.0,981962100.0,0.01675178753830439
5947,Rinnai Corporation,3650.0,3612.0,271400.0,980296800.0,-0.015267175572519083
7383,Net Protections Holdings Inc.,926.0,940.0,1037700.0,975438000.0,0.02062975027144408
3556,Renet Japan Group Inc.,1095.0,1294.0,750200.0,970758800.0,0.18933823529411764
6855,Japan Electronic Materials Corporation,3510.0,3540.0,273800.0,969252000.0,0.012875536480686695
9759,"NSD Co., Ltd.",3287.0,3292.0,294300.0,968835600.0,0.00243605359317905
1414,"Sho-Bond Holdings Co., Ltd.",4953.0,4913.0,197000.0,967861000.0,-0.004659643435980551
3167,Tokai Holdings Corp,1053.0,1061.0,911300.0,966889300.0,0.003784295175023652
4665,"Duskin Co., Ltd.",3874.0,3907.0,246100.0,961512700.0,0.004112053456694937
3466,Lasalle Logiport Real Estate Investment Trust,141200.0,143000.0,6719.0,960817000.0,0.014184397163120567
8254,"Saikaya Department Store Co., Ltd.",545.0,583.0,1643100.0,957927300.0,0.08971962616822429
4118,Kaneka Corporation,4295.0,4290.0,222900.0,956241000.0,-0.0011641443538998836
4401,Adeka Corporation,3370.0,3390.0,281800.0,955302000.0,0.006233303650934996
4784,"GMO Internet Group, Inc.",1230.0,1196.0,797100.0,953331600.0,-0.031578947368421054
6258,Hirata Corporation,1940.0,1990.0,478800.0,952812000.0,0.04902477596204533
9412,Sky Perfect JSAT Holdings Inc.,1411.0,1415.0,669500.0,947342500.0,0.0035460992907801418
7826,"Furuya Metal Co., Ltd.",2912.0,2952.0,319900.0,944344800.0,0.029288702928870293
1961,"Sanki Engineering Co., Ltd.",5150.0,5120.0,184200.0,943104000.0,-0.0038910505836575876
9006,Keikyu Corporation,1540.0,1548.5,606600.0,939320100.0,0.00551948051948052
7094,Nextone Inc.,2120.0,2249.0,415000.0,933335000.0,0.07146260123868509
9418,"U-Next Holdings Co., Ltd.",2125.0,2096.0,444500.0,931672000.0,-0.012717852096090438
7278,Exedy Corporation,5430.0,5390.0,171900.0,926541000.0,-0.007366482504604052
2264,"Morinaga Milk Industry Co., Ltd.",3544.0,3568.0,259500.0,925896000.0,0.01047861795525347
2315,Caica Digital Inc.,120.0,117.0,7900000.0,924300000.0,-0.00847457627118644
1882,Toa Road Corporation,1614.0,1602.0,575800.0,922431600.0,-0.007434944237918215
4516,"Nippon Shinyaku Co., Ltd.",3329.0,3319.0,277900.0,922350100.0,-0.006882106523040095
2212,"Yamazaki Baking Co., Ltd.",3350.0,3334.0,276300.0,921184200.0,-0.0029904306220095694
9519,Renova Inc.,996.0,962.0,956600.0,920249200.0,-0.025329280648429583
2918,"Warabeya Nichiyo Holdings Co., Ltd.",2961.0,2989.0,307300.0,918519700.0,0.06218905472636816
3116,Toyota Boshoku Corporation,2492.0,2502.0,366400.0,916732800.0,0.006638503319251659
2127,Nihon M&A Center Holdings Inc.,771.5999755859375,774.0,1183800.0,916261200.0,0.003110451645932168
6875,Megachips Corporation,6680.0,6930.0,132000.0,914760000.0,0.0374251497005988
2702,"McDonald's Holdings Co., Ltd.",6350.0,6330.0,144100.0,912153000.0,-0.0031496062992125984
3283,Nippon Prologis REIT Inc.,86300.0,86200.0,10557.0,910013400.0,-0.0011587485515643105
7164,"Zenkoku Hosho Co., Ltd.",3430.0,3398.0,265900.0,903528200.0,-0.015072463768115942
8954,Orix Jreit Inc.,100600.0,100200.0,9011.0,902902200.0,-0.0009970089730807576
4464,Soft99 Corporation,4065.0,4080.0,221200.0,902496000.0,0.0036900369003690036
6521,Oxide Corporation,2103.0,2257.0,397400.0,896931800.0,0.06311822892133773
9401,TBS Holdings Inc.,5340.0,5311.0,168700.0,895965700.0,-0.0054307116104868915
9010,"Fuji Kyuko Co., Ltd.",2612.0,2606.0,341500.0,889949000.0,-0.002297090352220521
5301,"Tokai Carbon Co., Ltd.",1009.0,1024.5,865600.0,886807200.0,0.018896071606166086
7180,Kyushu Financial Group Inc.,858.2999877929688,866.0999755859375,1023100.0,886106885.0219727,0.00955816638130473
5714,"Dowa Holdings Co., Ltd.",5281.0,5290.0,167200.0,884488000.0,0.012440191387559809
7806,"MTG Co., Ltd.",5080.0,4980.0,175700.0,874986000.0,-0.01968503937007874
9987,"Suzuken Co., Ltd.",5803.0,5855.0,149200.0,873566000.0,0.010005175090564086
9302,"Mitsui-Soko Holdings Co., Ltd.",4255.0,4175.0,208900.0,872157500.0,-0.02453271028037383
4202,Daicel Corporation,1389.0,1412.5,614500.0,867981250.0,0.019855595667870037
8358,Suruga Bank Ltd.,1500.0,1516.0,572400.0,867758400.0,0.004638833664678595
6622,Daihen Corporation,8310.0,8350.0,103900.0,867565000.0,0.006024096385542169
5482,Aichi Steel Corporation,2849.0,2788.0,306400.0,854243200.0,-0.017271765949947126
4967,"Kobayashi Pharmaceutical Co., Ltd.",5450.0,5423.0,156800.0,850326400.0,0.0014773776546629731
4626,"Taiyo Holdings Co., Ltd.",8050.0,8150.0,103900.0,846785000.0,0.02002503128911139
3226,Nippon Accommodations Fund Inc.,131300.0,132100.0,6396.0,844911600.0,0.006092916984006093
6592,"Mabuchi Motor Co., Ltd.",2540.0,2573.5,328200.0,844622700.0,0.021027573894068636
9832,"Autobacs Seven Co., Ltd.",1579.0,1569.0,538300.0,844592700.0,-0.010094637223974764
6703,"Oki Electric Industry Co., Ltd.",1673.0,1683.0,501000.0,843183000.0,0.018765133171912834
3245,"Dear Life Co., Ltd.",1304.0,1322.0,633000.0,836826000.0,0.01927525057825752
3360,Ship Healthcare Holdings Inc.,2238.5,2264.0,369600.0,836774400.0,0.014109742441209407
7984,"Kokuyo Co., Ltd.",934.9000244140625,915.7000122070312,912100.0,835209981.1340332,-0.012189846594356795
6432,"Takeuchi Mfg. Co., Ltd.",5290.0,5250.0,157900.0,828975000.0,-0.0019011406844106464
4587,PeptiDream Inc.,1669.5,1664.0,497600.0,828006400.0,0.005741915986702931
6278,Union Tool Co.,8250.0,8230.0,100300.0,825469000.0,0.012300123001230012
1909,"Nippon Dry-Chemical Co., Ltd.",8000.0,7890.0,104600.0,825294000.0,0.08379120879120878
9722,Fujita Kanko Inc.,10410.0,10250.0,80500.0,825125000.0,-0.012524084778420038
3097,Monogatari Corp.,4400.0,4440.0,185600.0,824064000.0,0.010238907849829351
1934,Yurtec Corporation,2744.0,2793.0,293400.0,819466200.0,0.05356469256884195
3309,"Sekisui House Reit, Inc.",80600.0,79800.0,10221.0,815635800.0,-0.009925558312655087
2281,Prima Meat Packers Ltd.,2404.0,2430.0,334900.0,813807000.0,0.0045473336089293095
5423,Tokyo Steel Manufacturing Co. Ltd.,1528.0,1525.0,533100.0,812977500.0,-0.005867014341590613
4526,"Riken Vitamin Co., Ltd.",2968.0,2922.0,277100.0,809686200.0,-0.020449212202480724
6407,Ckd Corp,2691.0,2725.0,296800.0,808780000.0,0.005535055350553505
6849,Nihon Kohden Corporation,1731.0,1760.5,458900.0,807893450.0,0.025334886429819452
8219,"Aoyama Trading Co., Ltd.",2502.0,2529.0,317100.0,801945900.0,0.010387534958050339
3660,Istyle Inc.,516.0,503.0,1591700.0,800625100.0,-0.015655577299412915
2784,Alfresa Holdings Corporation,2200.5,2190.0,365100.0,799569000.0,0.002059025394646534
8057,"Uchida Yoko Co., Ltd.",12540.0,12700.0,62600.0,795020000.0,0.013567438148443736
3992,Needs Well Inc.,588.0,607.0,1309400.0,794805800.0,0.03583617747440273
